--
-- Script was generated by Devart dbForge Studio for MySQL, Version 7.3.148.0
-- Product home page: http://www.devart.com/dbforge/mysql/studio
-- Script date 4/29/2018 12:21:48 AM
-- Server version: 5.5.5-10.1.21-MariaDB
-- Client version: 4.1
--


-- 
-- Disable foreign keys
-- 
/*!40014 SET @OLD_FOREIGN_KEY_CHECKS=@@FOREIGN_KEY_CHECKS, FOREIGN_KEY_CHECKS=0 */;

-- 
-- Set SQL mode
-- 
/*!40101 SET @OLD_SQL_MODE=@@SQL_MODE, SQL_MODE='NO_AUTO_VALUE_ON_ZERO' */;

-- 
-- Set character set the client will use to send SQL statements to the server
--
SET NAMES 'utf8';

--
-- Drop database "siasisten"
--
DROP DATABASE IF EXISTS siasisten;

--
-- Create database "siasisten"
--
CREATE DATABASE IF NOT EXISTS siasisten
	CHARACTER SET latin1
	COLLATE latin1_swedish_ci;

-- 
-- Set default database
--
USE siasisten;

--
-- Create table "lowongan"
--
CREATE TABLE IF NOT EXISTS lowongan (
  id INT(11) NOT NULL AUTO_INCREMENT,
  id_matkul INT(11) NOT NULL,
  is_open TINYINT(1) NOT NULL,
  jml_lowongan INT(11) NOT NULL,
  PRIMARY KEY (id, id_matkul)
)
ENGINE = INNODB
AUTO_INCREMENT = 3
AVG_ROW_LENGTH = 8192
CHARACTER SET latin1
COLLATE latin1_swedish_ci;

--
-- Create table "ruangan_matkul"
--
CREATE TABLE IF NOT EXISTS ruangan_matkul (
  id_ruangan INT(11) NOT NULL,
  id_matkul INT(11) NOT NULL,
  PRIMARY KEY (id_ruangan, id_matkul)
)
ENGINE = INNODB
AVG_ROW_LENGTH = 8192
CHARACTER SET latin1
COLLATE latin1_swedish_ci;

--
-- Create table "user_account"
--
CREATE TABLE IF NOT EXISTS user_account (
  username VARCHAR(255) NOT NULL,
  password VARCHAR(255) DEFAULT NULL,
  role VARCHAR(255) DEFAULT NULL,
  PRIMARY KEY (username)
)
ENGINE = INNODB
AVG_ROW_LENGTH = 282
CHARACTER SET latin1
COLLATE latin1_swedish_ci;

--
-- Create table "pengajuan"
--
CREATE TABLE IF NOT EXISTS pengajuan (
  id INT(11) NOT NULL AUTO_INCREMENT,
  id_lowongan INT(11) NOT NULL,
  username_mahasiswa VARCHAR(50) NOT NULL,
  is_accepted TINYINT(1) NOT NULL,
  PRIMARY KEY (id, id_lowongan, username_mahasiswa),
  CONSTRAINT FK_Pengajuan_Lowongan FOREIGN KEY (id_lowongan)
    REFERENCES lowongan(id) ON DELETE CASCADE ON UPDATE CASCADE
)
ENGINE = INNODB
AUTO_INCREMENT = 6
AVG_ROW_LENGTH = 4096
CHARACTER SET latin1
COLLATE latin1_swedish_ci;

-- 
-- Dumping data for table lowongan
--
INSERT INTO lowongan VALUES
(1, 1, 1, 2),
(2, 2, 1, 5);

-- 
-- Dumping data for table pengajuan
--
INSERT INTO pengajuan VALUES
(1, 1, '1506757655', 1),
(2, 1, '1506757661', 0),
(3, 2, '1506757680', 1),
(4, 2, '1506757693', 0),
(5, 2, '1506757693', 1);

-- 
-- Dumping data for table ruangan_matkul
--
INSERT INTO ruangan_matkul VALUES
(1, 1),
(2, 2);

-- 
-- Dumping data for table user_account
--
INSERT INTO user_account VALUES
('1290578781', '$2a$10$14AIxJWzUTkO/zomgpBtrOlptT1hfUB83N1J/Dz22nJEsenbmVOba', 'dosen'),
('1290578783', '$2a$10$14AIxJWzUTkO/zomgpBtrOlptT1hfUB83N1J/Dz22nJEsenbmVOba', 'dosen'),
('1290578785', '$2a$10$14AIxJWzUTkO/zomgpBtrOlptT1hfUB83N1J/Dz22nJEsenbmVOba', 'dosen'),
('1290578787', '$2a$10$14AIxJWzUTkO/zomgpBtrOlptT1hfUB83N1J/Dz22nJEsenbmVOba', 'dosen'),
('1290578789', '$2a$10$14AIxJWzUTkO/zomgpBtrOlptT1hfUB83N1J/Dz22nJEsenbmVOba', 'dosen'),
('1290578791', '$2a$10$14AIxJWzUTkO/zomgpBtrOlptT1hfUB83N1J/Dz22nJEsenbmVOba', 'dosen'),
('1290578793', '$2a$10$14AIxJWzUTkO/zomgpBtrOlptT1hfUB83N1J/Dz22nJEsenbmVOba', 'dosen'),
('1290578795', '$2a$10$14AIxJWzUTkO/zomgpBtrOlptT1hfUB83N1J/Dz22nJEsenbmVOba', 'dosen'),
('1290578797', '$2a$10$14AIxJWzUTkO/zomgpBtrOlptT1hfUB83N1J/Dz22nJEsenbmVOba', 'dosen'),
('1290578799', '$2a$10$14AIxJWzUTkO/zomgpBtrOlptT1hfUB83N1J/Dz22nJEsenbmVOba', 'dosen'),
('1290578801', '$2a$10$14AIxJWzUTkO/zomgpBtrOlptT1hfUB83N1J/Dz22nJEsenbmVOba', 'dosen'),
('1290578803', '$2a$10$14AIxJWzUTkO/zomgpBtrOlptT1hfUB83N1J/Dz22nJEsenbmVOba', 'dosen'),
('1290578805', '$2a$10$14AIxJWzUTkO/zomgpBtrOlptT1hfUB83N1J/Dz22nJEsenbmVOba', 'dosen'),
('1290578807', '$2a$10$14AIxJWzUTkO/zomgpBtrOlptT1hfUB83N1J/Dz22nJEsenbmVOba', 'dosen'),
('1290578809', '$2a$10$14AIxJWzUTkO/zomgpBtrOlptT1hfUB83N1J/Dz22nJEsenbmVOba', 'dosen'),
('1290578811', '$2a$10$14AIxJWzUTkO/zomgpBtrOlptT1hfUB83N1J/Dz22nJEsenbmVOba', 'dosen'),
('1290578813', '$2a$10$14AIxJWzUTkO/zomgpBtrOlptT1hfUB83N1J/Dz22nJEsenbmVOba', 'dosen'),
('1290578815', '$2a$10$14AIxJWzUTkO/zomgpBtrOlptT1hfUB83N1J/Dz22nJEsenbmVOba', 'dosen'),
('1290578817', '$2a$10$14AIxJWzUTkO/zomgpBtrOlptT1hfUB83N1J/Dz22nJEsenbmVOba', 'dosen'),
('1290578819', '$2a$10$14AIxJWzUTkO/zomgpBtrOlptT1hfUB83N1J/Dz22nJEsenbmVOba', 'dosen'),
('1290578821', '$2a$10$14AIxJWzUTkO/zomgpBtrOlptT1hfUB83N1J/Dz22nJEsenbmVOba', 'dosen'),
('1290578823', '$2a$10$14AIxJWzUTkO/zomgpBtrOlptT1hfUB83N1J/Dz22nJEsenbmVOba', 'dosen'),
('1290578825', '$2a$10$14AIxJWzUTkO/zomgpBtrOlptT1hfUB83N1J/Dz22nJEsenbmVOba', 'dosen'),
('1290578827', '$2a$10$14AIxJWzUTkO/zomgpBtrOlptT1hfUB83N1J/Dz22nJEsenbmVOba', 'dosen'),
('1290578829', '$2a$10$14AIxJWzUTkO/zomgpBtrOlptT1hfUB83N1J/Dz22nJEsenbmVOba', 'dosen'),
('1290578831', '$2a$10$14AIxJWzUTkO/zomgpBtrOlptT1hfUB83N1J/Dz22nJEsenbmVOba', 'dosen'),
('1290578833', '$2a$10$14AIxJWzUTkO/zomgpBtrOlptT1hfUB83N1J/Dz22nJEsenbmVOba', 'dosen'),
('1290578835', '$2a$10$14AIxJWzUTkO/zomgpBtrOlptT1hfUB83N1J/Dz22nJEsenbmVOba', 'dosen'),
('1290578837', '$2a$10$14AIxJWzUTkO/zomgpBtrOlptT1hfUB83N1J/Dz22nJEsenbmVOba', 'dosen'),
('1290578839', '$2a$10$14AIxJWzUTkO/zomgpBtrOlptT1hfUB83N1J/Dz22nJEsenbmVOba', 'dosen'),
('1290578841', '$2a$10$14AIxJWzUTkO/zomgpBtrOlptT1hfUB83N1J/Dz22nJEsenbmVOba', 'dosen'),
('1290578843', '$2a$10$14AIxJWzUTkO/zomgpBtrOlptT1hfUB83N1J/Dz22nJEsenbmVOba', 'dosen'),
('1290578845', '$2a$10$14AIxJWzUTkO/zomgpBtrOlptT1hfUB83N1J/Dz22nJEsenbmVOba', 'dosen'),
('1290578897', '$2a$10$14AIxJWzUTkO/zomgpBtrOlptT1hfUB83N1J/Dz22nJEsenbmVOba', 'dosen'),
('1406575815', '$2a$10$14AIxJWzUTkO/zomgpBtrOlptT1hfUB83N1J/Dz22nJEsenbmVOba', 'staf'),
('1506689692', '$2a$10$14AIxJWzUTkO/zomgpBtrOlptT1hfUB83N1J/Dz22nJEsenbmVOba', 'staf'),
('1506721756', '$2a$10$14AIxJWzUTkO/zomgpBtrOlptT1hfUB83N1J/Dz22nJEsenbmVOba', 'mahasiswa'),
('1506721762', '$2a$10$14AIxJWzUTkO/zomgpBtrOlptT1hfUB83N1J/Dz22nJEsenbmVOba', 'mahasiswa'),
('1506721775', '$2a$10$14AIxJWzUTkO/zomgpBtrOlptT1hfUB83N1J/Dz22nJEsenbmVOba', 'mahasiswa'),
('1506721781', '$2a$10$14AIxJWzUTkO/zomgpBtrOlptT1hfUB83N1J/Dz22nJEsenbmVOba', 'mahasiswa'),
('1506721794', '$2a$10$14AIxJWzUTkO/zomgpBtrOlptT1hfUB83N1J/Dz22nJEsenbmVOba', 'mahasiswa'),
('1506721806', '$2a$10$14AIxJWzUTkO/zomgpBtrOlptT1hfUB83N1J/Dz22nJEsenbmVOba', 'mahasiswa'),
('1506721812', '$2a$10$14AIxJWzUTkO/zomgpBtrOlptT1hfUB83N1J/Dz22nJEsenbmVOba', 'mahasiswa'),
('1506721825', '$2a$10$14AIxJWzUTkO/zomgpBtrOlptT1hfUB83N1J/Dz22nJEsenbmVOba', 'mahasiswa'),
('1506721831', '$2a$10$14AIxJWzUTkO/zomgpBtrOlptT1hfUB83N1J/Dz22nJEsenbmVOba', 'mahasiswa'),
('1506721844', '$2a$10$14AIxJWzUTkO/zomgpBtrOlptT1hfUB83N1J/Dz22nJEsenbmVOba', 'mahasiswa'),
('1506721863', '$2a$10$14AIxJWzUTkO/zomgpBtrOlptT1hfUB83N1J/Dz22nJEsenbmVOba', 'mahasiswa'),
('1506721876', '$2a$10$14AIxJWzUTkO/zomgpBtrOlptT1hfUB83N1J/Dz22nJEsenbmVOba', 'mahasiswa'),
('1506721882', '$2a$10$14AIxJWzUTkO/zomgpBtrOlptT1hfUB83N1J/Dz22nJEsenbmVOba', 'mahasiswa'),
('1506721895', '$2a$10$14AIxJWzUTkO/zomgpBtrOlptT1hfUB83N1J/Dz22nJEsenbmVOba', 'mahasiswa'),
('1506721900', '$2a$10$14AIxJWzUTkO/zomgpBtrOlptT1hfUB83N1J/Dz22nJEsenbmVOba', 'mahasiswa'),
('1506723231', '$2a$10$14AIxJWzUTkO/zomgpBtrOlptT1hfUB83N1J/Dz22nJEsenbmVOba', 'staf'),
('1506737823', '$2a$10$14AIxJWzUTkO/zomgpBtrOlptT1hfUB83N1J/Dz22nJEsenbmVOba', 'staf'),
('1506757642', '$2a$10$14AIxJWzUTkO/zomgpBtrOlptT1hfUB83N1J/Dz22nJEsenbmVOba', 'mahasiswa'),
('1506757655', '$2a$10$14AIxJWzUTkO/zomgpBtrOlptT1hfUB83N1J/Dz22nJEsenbmVOba', 'mahasiswa'),
('1506757661', '$2a$10$14AIxJWzUTkO/zomgpBtrOlptT1hfUB83N1J/Dz22nJEsenbmVOba', 'mahasiswa'),
('1506757680', '$2a$10$14AIxJWzUTkO/zomgpBtrOlptT1hfUB83N1J/Dz22nJEsenbmVOba', 'mahasiswa'),
('1506757693', '$2a$10$14AIxJWzUTkO/zomgpBtrOlptT1hfUB83N1J/Dz22nJEsenbmVOba', 'mahasiswa');
-- 
-- Restore previous SQL mode
-- 
/*!40101 SET SQL_MODE=@OLD_SQL_MODE */;

-- 
-- Enable foreign keys
-- 
/*!40014 SET FOREIGN_KEY_CHECKS=@OLD_FOREIGN_KEY_CHECKS */;
