--
-- Script was generated by Devart dbForge Studio for MySQL, Version 7.3.148.0
-- Product home page: http://www.devart.com/dbforge/mysql/studio
-- Script date 4/22/2018 1:22:34 PM
-- Server version: 5.5.5-10.1.21-MariaDB
-- Client version: 4.1
--


-- 
-- Set SQL mode
-- 
/*!40101 SET @OLD_SQL_MODE=@@SQL_MODE, SQL_MODE='NO_AUTO_VALUE_ON_ZERO' */;

-- 
-- Set character set the client will use to send SQL statements to the server
--
SET NAMES 'utf8';

--
-- Drop database "siasisten"
--
DROP DATABASE IF EXISTS siasisten;

--
-- Create database "siasisten"
--
CREATE DATABASE IF NOT EXISTS siasisten
	CHARACTER SET latin1
	COLLATE latin1_swedish_ci;

-- 
-- Set default database
--
USE siasisten;

--
-- Create table "lowongan"
--
CREATE TABLE IF NOT EXISTS lowongan (
  id INT(11) NOT NULL AUTO_INCREMENT,
  id_matkul INT(11) NOT NULL,
  is_open TINYINT(1) NOT NULL,
  jml_lowongan INT(11) NOT NULL,
  PRIMARY KEY (id, id_matkul)
)
ENGINE = INNODB
AUTO_INCREMENT = 3
AVG_ROW_LENGTH = 8192
CHARACTER SET latin1
COLLATE latin1_swedish_ci;

--
-- Create table "ruangan_matkul"
--
CREATE TABLE IF NOT EXISTS ruangan_matkul (
  id_ruangan INT(11) NOT NULL,
  id_matkul INT(11) NOT NULL,
  PRIMARY KEY (id_ruangan, id_matkul)
)
ENGINE = INNODB
AVG_ROW_LENGTH = 8192
CHARACTER SET latin1
COLLATE latin1_swedish_ci;

--
-- Create table "user_account"
--
CREATE TABLE IF NOT EXISTS user_account (
  username VARCHAR(255) NOT NULL,
  password VARCHAR(255) DEFAULT NULL,
  role VARCHAR(255) DEFAULT NULL,
  PRIMARY KEY (username)
)
ENGINE = INNODB
AVG_ROW_LENGTH = 282
CHARACTER SET latin1
COLLATE latin1_swedish_ci;

--
-- Create table "pengajuan"
--
CREATE TABLE IF NOT EXISTS pengajuan (
  id INT(11) NOT NULL AUTO_INCREMENT,
  id_lowongan INT(11) NOT NULL,
  username_mahasiswa VARCHAR(50) NOT NULL,
  is_accepted TINYINT(1) NOT NULL,
  PRIMARY KEY (id, id_lowongan, username_mahasiswa),
  CONSTRAINT FK_Pengajuan_Lowongan FOREIGN KEY (id_lowongan)
    REFERENCES lowongan(id) ON DELETE CASCADE ON UPDATE CASCADE,
  CONSTRAINT FK_Pengajuan_User FOREIGN KEY (username_mahasiswa)
    REFERENCES user_account(username) ON DELETE CASCADE ON UPDATE CASCADE
)
ENGINE = INNODB
AUTO_INCREMENT = 6
AVG_ROW_LENGTH = 3276
CHARACTER SET latin1
COLLATE latin1_swedish_ci;

-- 
-- Dumping data for table lowongan
--
INSERT INTO lowongan VALUES
(1, 1, 1, 2),
(2, 2, 1, 5);

-- 
-- Dumping data for table pengajuan
--
INSERT INTO pengajuan VALUES
(1, 1, '1506757655', 1),
(2, 1, '1506757661', 0),
(3, 2, '1506757680', 1),
(4, 2, '1506757693', 0),
(5, 2, '1506757693', 1);

-- 
-- Dumping data for table ruangan_matkul
--
INSERT INTO ruangan_matkul VALUES
(1, 1),
(2, 2);

-- 
-- Dumping data for table user_account
--
INSERT INTO user_account VALUES
('1290578781', 'password', 'dosen'),
('1290578783', 'password', 'dosen'),
('1290578785', 'password', 'dosen'),
('1290578787', 'password', 'dosen'),
('1290578789', 'password', 'dosen'),
('1290578791', 'password', 'dosen'),
('1290578793', 'password', 'dosen'),
('1290578795', 'password', 'dosen'),
('1290578797', 'password', 'dosen'),
('1290578799', 'password', 'dosen'),
('1290578801', 'password', 'dosen'),
('1290578803', 'password', 'dosen'),
('1290578805', 'password', 'dosen'),
('1290578807', 'password', 'dosen'),
('1290578809', 'password', 'dosen'),
('1290578811', 'password', 'dosen'),
('1290578813', 'password', 'dosen'),
('1290578815', 'password', 'dosen'),
('1290578817', 'password', 'dosen'),
('1290578819', 'password', 'dosen'),
('1290578821', 'password', 'dosen'),
('1290578823', 'password', 'dosen'),
('1290578825', 'password', 'dosen'),
('1290578827', 'password', 'dosen'),
('1290578829', 'password', 'dosen'),
('1290578831', 'password', 'dosen'),
('1290578833', 'password', 'dosen'),
('1290578835', 'password', 'dosen'),
('1290578837', 'password', 'dosen'),
('1290578839', 'password', 'dosen'),
('1290578841', 'password', 'dosen'),
('1290578843', 'password', 'dosen'),
('1290578845', 'password', 'dosen'),
('1290578897', 'password', 'dosen'),
('1406575815', 'password', 'staf'),
('1506689692', 'password', 'staf'),
('1506721756', 'password', 'mahasiswa'),
('1506721762', 'password', 'mahasiswa'),
('1506721775', 'password', 'mahasiswa'),
('1506721781', 'password', 'mahasiswa'),
('1506721794', 'password', 'mahasiswa'),
('1506721806', 'password', 'mahasiswa'),
('1506721812', 'password', 'mahasiswa'),
('1506721825', 'password', 'mahasiswa'),
('1506721831', 'password', 'mahasiswa'),
('1506721844', 'password', 'mahasiswa'),
('1506721863', 'password', 'mahasiswa'),
('1506721876', 'password', 'mahasiswa'),
('1506721882', 'password', 'mahasiswa'),
('1506721895', 'password', 'mahasiswa'),
('1506721900', 'password', 'mahasiswa'),
('1506723231', 'password', 'staf'),
('1506737823', 'password', 'staf'),
('1506757642', 'password', 'mahasiswa'),
('1506757655', 'password', 'mahasiswa'),
('1506757661', 'password', 'mahasiswa'),
('1506757680', 'password', 'mahasiswa'),
('1506757693', 'password', 'mahasiswa');
-- 
-- Restore previous SQL mode
-- 
/*!40101 SET SQL_MODE=@OLD_SQL_MODE */;
